<?xml version="1.0" encoding="UTF-8"?><MD_Metadata xmlns:xlink="http://www.w3.org/1999/xlink" xmlns:srv="http://www.isotc211.org/2005/srv" xmlns:gts="http://www.isotc211.org/2005/gts" xmlns:xalan="http://xml.apache.org/xalan" xmlns:gco="http://www.isotc211.org/2005/gco" xmlns:gml="http://www.opengis.net/gml" xmlns:xsi="http://www.w3.org/2001/XMLSchema-instance" xmlns="http://www.isotc211.org/2005/gmd">
    <characterSet>
        <MD_CharacterSetCode codeList="http://www.isotc211.org/2005/resources/Codelist/gmxCodelists.xml#MD_CharacterSetCode" codeListValue="utf8" codeSpace="ISOTC211/19115">utf8</MD_CharacterSetCode>
    </characterSet>
    <hierarchyLevel>
        <MD_ScopeCode codeList="http://www.isotc211.org/2005/resources/Codelist/gmxCodelists.xml#MD_ScopeCode" codeListValue="dataset" codeSpace="ISOTC211/19115">dataset</MD_ScopeCode>
    </hierarchyLevel>
    <hierarchyLevelName>
        <gco:CharacterString>dataset</gco:CharacterString>
    </hierarchyLevelName>
    <contact gco:nilReason="missing"/>
    <dateStamp gco:nilReason="missing"/>
    <metadataStandardName>
        <gco:CharacterString>ISO 19139 Geographic Information - Metadata - Implementation Specification</gco:CharacterString>
    </metadataStandardName>
    <metadataStandardVersion>
        <gco:CharacterString>2007</gco:CharacterString>
    </metadataStandardVersion>
    <identificationInfo>
        <MD_DataIdentification>
            <citation gco:nilReason="missing"/>
            <abstract>
                <gco:CharacterString>Refer to this link, for the High Injury Network methodology. This is a feature service that allows for you to add the High Injury Network to your webmaps and applications in ArcGIS Online or in ESRI ArcMAP. Street segments and their endpoints are indicated. Even though the HIN represents just 6% of our total street mileage, it accounts for 65% of all deaths and severe injuries involving people walking. Strategic investments along the HIN will have the biggest effect in reducing death and severe injury on our streets.Our methodology draws from the latest 5 years of traffic collision data. The HIN is the guiding document for prioritizing our efforts and the framework for achieving zero traffic deaths by 2025.Fields:STNAME = Street name for the segmentShape_Leng = Length of the segment in feetFROM_ = Beginning of segment; If it is only the interesection, it will include &amp;quot;AT XXXX&amp;quot;TO_ = End of segment; If it is only the intersection, it will include &amp;quot;AT XXXX&amp;quot;For more information about the HIN, see the story map or to visionzero.lacity.org to learn more about Vision Zero. </gco:CharacterString>
            </abstract>
            <purpose>
                <gco:CharacterString>High Injury Network</gco:CharacterString>
            </purpose>
            <credit>
                <gco:CharacterString>City of Los Angeles, Los Angeles Department of Transportation</gco:CharacterString>
            </credit>
            <descriptiveKeywords>
                <MD_Keywords>
                    <keyword>
                        <gco:CharacterString>HIN</gco:CharacterString>
                    </keyword>
                    <keyword>
                        <gco:CharacterString>Vision Zero</gco:CharacterString>
                    </keyword>
                    <keyword>
                        <gco:CharacterString>LADOT</gco:CharacterString>
                    </keyword>
                    <keyword>
                        <gco:CharacterString>Transportation</gco:CharacterString>
                    </keyword>
                    <keyword>
                        <gco:CharacterString>Safety</gco:CharacterString>
                    </keyword>
                    <keyword>
                        <gco:CharacterString>Collisions</gco:CharacterString>
                    </keyword>
                    <keyword>
                        <gco:CharacterString>High Injury Network</gco:CharacterString>
                    </keyword>
                </MD_Keywords>
            </descriptiveKeywords>
            <descriptiveKeywords>
                <MD_Keywords>
                    <keyword>
                        <gco:CharacterString>HIN</gco:CharacterString>
                    </keyword>
                    <keyword>
                        <gco:CharacterString>Vision Zero</gco:CharacterString>
                    </keyword>
                    <keyword>
                        <gco:CharacterString>LADOT</gco:CharacterString>
                    </keyword>
                    <keyword>
                        <gco:CharacterString>Transportation</gco:CharacterString>
                    </keyword>
                    <keyword>
                        <gco:CharacterString>Safety</gco:CharacterString>
                    </keyword>
                    <keyword>
                        <gco:CharacterString>Collisions</gco:CharacterString>
                    </keyword>
                    <keyword>
                        <gco:CharacterString>High Injury Network</gco:CharacterString>
                    </keyword>
                </MD_Keywords>
            </descriptiveKeywords>
            <descriptiveKeywords>
                <MD_Keywords>
                    <keyword>
                        <gco:CharacterString>HIN</gco:CharacterString>
                    </keyword>
                    <keyword>
                        <gco:CharacterString>Vision Zero</gco:CharacterString>
                    </keyword>
                    <keyword>
                        <gco:CharacterString>LADOT</gco:CharacterString>
                    </keyword>
                    <keyword>
                        <gco:CharacterString>Transportation</gco:CharacterString>
                    </keyword>
                    <keyword>
                        <gco:CharacterString>Safety</gco:CharacterString>
                    </keyword>
                    <keyword>
                        <gco:CharacterString>Collisions</gco:CharacterString>
                    </keyword>
                    <keyword>
                        <gco:CharacterString>High Injury Network</gco:CharacterString>
                    </keyword>
                </MD_Keywords>
            </descriptiveKeywords>
            <descriptiveKeywords>
                <MD_Keywords>
                    <keyword>
                        <gco:CharacterString>HIN</gco:CharacterString>
                    </keyword>
                    <keyword>
                        <gco:CharacterString>Vision Zero</gco:CharacterString>
                    </keyword>
                    <keyword>
                        <gco:CharacterString>LADOT</gco:CharacterString>
                    </keyword>
                    <keyword>
                        <gco:CharacterString>Transportation</gco:CharacterString>
                    </keyword>
                    <keyword>
                        <gco:CharacterString>Safety</gco:CharacterString>
                    </keyword>
                    <keyword>
                        <gco:CharacterString>Collisions</gco:CharacterString>
                    </keyword>
                    <keyword>
                        <gco:CharacterString>High Injury Network</gco:CharacterString>
                    </keyword>
                </MD_Keywords>
            </descriptiveKeywords>
            <descriptiveKeywords>
                <MD_Keywords>
                    <keyword>
                        <gco:CharacterString>HIN</gco:CharacterString>
                    </keyword>
                    <keyword>
                        <gco:CharacterString>Vision Zero</gco:CharacterString>
                    </keyword>
                    <keyword>
                        <gco:CharacterString>LADOT</gco:CharacterString>
                    </keyword>
                    <keyword>
                        <gco:CharacterString>Transportation</gco:CharacterString>
                    </keyword>
                    <keyword>
                        <gco:CharacterString>Safety</gco:CharacterString>
                    </keyword>
                    <keyword>
                        <gco:CharacterString>Collisions</gco:CharacterString>
                    </keyword>
                    <keyword>
                        <gco:CharacterString>High Injury Network</gco:CharacterString>
                    </keyword>
                </MD_Keywords>
            </descriptiveKeywords>
            <descriptiveKeywords>
                <MD_Keywords>
                    <keyword>
                        <gco:CharacterString>HIN</gco:CharacterString>
                    </keyword>
                    <keyword>
                        <gco:CharacterString>Vision Zero</gco:CharacterString>
                    </keyword>
                    <keyword>
                        <gco:CharacterString>LADOT</gco:CharacterString>
                    </keyword>
                    <keyword>
                        <gco:CharacterString>Transportation</gco:CharacterString>
                    </keyword>
                    <keyword>
                        <gco:CharacterString>Safety</gco:CharacterString>
                    </keyword>
                    <keyword>
                        <gco:CharacterString>Collisions</gco:CharacterString>
                    </keyword>
                    <keyword>
                        <gco:CharacterString>High Injury Network</gco:CharacterString>
                    </keyword>
                </MD_Keywords>
            </descriptiveKeywords>
            <descriptiveKeywords>
                <MD_Keywords>
                    <keyword>
                        <gco:CharacterString>HIN</gco:CharacterString>
                    </keyword>
                    <keyword>
                        <gco:CharacterString>Vision Zero</gco:CharacterString>
                    </keyword>
                    <keyword>
                        <gco:CharacterString>LADOT</gco:CharacterString>
                    </keyword>
                    <keyword>
                        <gco:CharacterString>Transportation</gco:CharacterString>
                    </keyword>
                    <keyword>
                        <gco:CharacterString>Safety</gco:CharacterString>
                    </keyword>
                    <keyword>
                        <gco:CharacterString>Collisions</gco:CharacterString>
                    </keyword>
                    <keyword>
                        <gco:CharacterString>High Injury Network</gco:CharacterString>
                    </keyword>
                </MD_Keywords>
            </descriptiveKeywords>
            <resourceConstraints>
                <MD_Constraints>
                    <useLimitation>
                        <gco:CharacterString>This feature service allows for you to add the HIN to your webmaps and applications in ArcGIS Online or in ESRI ArcMAP. </gco:CharacterString>
                    </useLimitation>
                </MD_Constraints>
            </resourceConstraints>
            <language gco:nilReason="missing"/>
            <characterSet>
                <MD_CharacterSetCode codeList="http://www.isotc211.org/2005/resources/Codelist/gmxCodelists.xml#MD_CharacterSetCode" codeListValue="utf8" codeSpace="ISOTC211/19115">utf8</MD_CharacterSetCode>
            </characterSet>
        </MD_DataIdentification>
    </identificationInfo>
</MD_Metadata>
